,cliente,Año-Mes,plataforma_abreviacion,inicio_reporte,fin_reporte,tipo_conversion,fuente_medio,Nombre_Campaña,llave_analytcis,conversiones,revenue,archivo
0,Petco,2007_Julio,SEM,2020-07-01,2020-07-08,Asistida,adsocialsem / 2006_petco_hills_ao_sem,2006_Petco_Hills_AO_Etapa_Vida_Gato_SEM,,30,33265.25,/home/carlos/Dropbox/ROAS 2020/2007_Julio/1:07:2020 al 8:07:2020/Analytics All Web Site Data Conversiones asistidas 20200701-20200708.csv
1,Petco,2007_Julio,SEM,2020-07-01,2020-07-08,Asistida,adsocialsem / 2007_petco_hills_ao_julio_sem,2007_Petco_Hills_AO_Julio_Gato_SEM,,18,20048.85,/home/carlos/Dropbox/ROAS 2020/2007_Julio/1:07:2020 al 8:07:2020/Analytics All Web Site Data Conversiones asistidas 20200701-20200708.csv
2,Petco,2007_Julio,FB,2020-07-01,2020-07-08,Asistida,adsocialfb / 2006_petco_ecomm_outlet_junio_fb,2006_Petco_Ecomm_Outlet_Junio_FB,,13,16497.55,/home/carlos/Dropbox/ROAS 2020/2007_Julio/1:07:2020 al 8:07:2020/Analytics All Web Site Data Conversiones asistidas 20200701-20200708.csv
3,Petco,2007_Julio,SEM,2020-07-01,2020-07-08,Asistida,adsocialsem / 2006_petco_hills_ao_sem,2006_Petco_Hills_AO_Etapa_Vida_Perro_SEM,,13,11246.36,/home/carlos/Dropbox/ROAS 2020/2007_Julio/1:07:2020 al 8:07:2020/Analytics All Web Site Data Conversiones asistidas 20200701-20200708.csv
4,Petco,2007_Julio,FB,2020-07-01,2020-07-08,Asistida,adsocialfb / 2007_petco_ecomm_ao_julio_fb,2007_Petco_Ecomm_AO_Julio_Fin_3al5_FB,,10,8101.75,/home/carlos/Dropbox/ROAS 2020/2007_Julio/1:07:2020 al 8:07:2020/Analytics All Web Site Data Conversiones asistidas 20200701-20200708.csv
5,Petco,2007_Julio,FB,2020-07-01,2020-07-08,Asistida,adsocialfb / 2007_petco_ecomm_outlet_julio_fb,2007_Petco_Ecomm_Outlet_Julio_FB,,8,4462.75,/home/carlos/Dropbox/ROAS 2020/2007_Julio/1:07:2020 al 8:07:2020/Analytics All Web Site Data Conversiones asistidas 20200701-20200708.csv
6,Petco,2007_Julio,SEM,2020-07-01,2020-07-08,Asistida,adsocialsem / 2007_petco_hills_ao_julio_sem,2007_Petco_Hills_AO_Julio_Perro_SEM,,7,4432.6,/home/carlos/Dropbox/ROAS 2020/2007_Julio/1:07:2020 al 8:07:2020/Analytics All Web Site Data Conversiones asistidas 20200701-20200708.csv
7,Petco,2007_Julio,FB,2020-07-01,2020-07-08,Asistida,adsocialfb / 2006_petco_ecomm_ao_junio_fb,2006_Petco_Ecomm_AO_Junio_12al14_FB,,5,5681.6,/home/carlos/Dropbox/ROAS 2020/2007_Julio/1:07:2020 al 8:07:2020/Analytics All Web Site Data Conversiones asistidas 20200701-20200708.csv
8,Petco,2007_Julio,FB,2020-07-01,2020-07-08,Asistida,adsocialfb / 2006_petco_ecomm_ao_junio_fb,2006_Petco_Ecomm_AO_Junio_Fin_19-21_FB,,5,3670.4,/home/carlos/Dropbox/ROAS 2020/2007_Julio/1:07:2020 al 8:07:2020/Analytics All Web Site Data Conversiones asistidas 20200701-20200708.csv
9,Petco,2007_Julio,FB,2020-07-01,2020-07-08,Asistida,adsocialfb / 2006_petco_ecomm_ao_junio_fb,2006_Petco_Ecomm_AO_Junio_Fin_26-28_FB,,5,2392.25,/home/carlos/Dropbox/ROAS 2020/2007_Julio/1:07:2020 al 8:07:2020/Analytics All Web Site Data Conversiones asistidas 20200701-20200708.csv
10,Petco,2007_Julio,FB,2020-07-01,2020-07-08,Asistida,adsocialfb / 2006_petco_ecomm_ao_junio_fb,2006_Petco_Ecomm_AO_Junio_Inicio_FB,,5,5001.9,/home/carlos/Dropbox/ROAS 2020/2007_Julio/1:07:2020 al 8:07:2020/Analytics All Web Site Data Conversiones asistidas 20200701-20200708.csv
11,Petco,2007_Julio,FB,2020-07-01,2020-07-08,Asistida,adsocialfb / 2006_petco_hills_ao_junio_fb,2006_Petco_Hills_AO_Promo15-22_Junio_FB,,3,1538.2,/home/carlos/Dropbox/ROAS 2020/2007_Julio/1:07:2020 al 8:07:2020/Analytics All Web Site Data Conversiones asistidas 20200701-20200708.csv
12,Petco,2007_Julio,FB,2020-07-01,2020-07-08,Asistida,adsocialfb / 2007_petco_ecomm_ao_julio_fb,2007_Petco_Ecomm_AO_Julio_Inicio_6al9_FB,,3,3485.7,/home/carlos/Dropbox/ROAS 2020/2007_Julio/1:07:2020 al 8:07:2020/Analytics All Web Site Data Conversiones asistidas 20200701-20200708.csv
13,Petco,2007_Julio,SEM,2020-07-01,2020-07-08,Asistida,adsocialsem / 2006_petco_fulltust_sellout_junio_sem,2006_Petco_FullTust_SellOut_Junio_19-21_SEM,,3,1375.1,/home/carlos/Dropbox/ROAS 2020/2007_Julio/1:07:2020 al 8:07:2020/Analytics All Web Site Data Conversiones asistidas 20200701-20200708.csv
14,Petco,2007_Julio,FB,2020-07-01,2020-07-08,Asistida,adsocialfb / 2006_petco_ecomm_ao_fb,2006_Petco_Ecomm_AO_Sem2_FB,,1,1678.5,/home/carlos/Dropbox/ROAS 2020/2007_Julio/1:07:2020 al 8:07:2020/Analytics All Web Site Data Conversiones asistidas 20200701-20200708.csv
15,Petco,2007_Julio,SEM,2020-07-01,2020-07-08,Asistida,adsocialsem / 2005_petco_hills_ao_sem,2005_Petco_HILLS_AO_pre-HotSale_SEM,,1,1615.0,/home/carlos/Dropbox/ROAS 2020/2007_Julio/1:07:2020 al 8:07:2020/Analytics All Web Site Data Conversiones asistidas 20200701-20200708.csv
16,Petco,2007_Julio,SEM,2020-07-01,2020-07-08,Asistida,adsocialsem / 2006_petco_fulltrust_promo2kg_sem,2006_Petco_FullTrust_Promo2kg_5al7_SEM,,1,1018.0,/home/carlos/Dropbox/ROAS 2020/2007_Julio/1:07:2020 al 8:07:2020/Analytics All Web Site Data Conversiones asistidas 20200701-20200708.csv
0,RadioShack,2007_Julio,SEM,2020-07-01,2020-07-08,Asistida,adsocial_sem / 2006_rs_izettle_pauta_del_mes_sem,2006_RS_IZETTLE_PAUTA_DEL_MES_SEM,,15,38743.0,/home/carlos/Dropbox/ROAS 2020/2007_Julio/1:07:2020 al 8:07:2020/Analytics www.radioshack.com.mx Conversiones asistidas 20200701-20200708.csv
1,RadioShack,2007_Julio,FB,2020-07-01,2020-07-08,Asistida,adsocialfb / 2007_rs_mkt_ao_fb,2007_RS_MKT_AO_PROMOSDELMES1_1AL7_FB,,7,42183.0,/home/carlos/Dropbox/ROAS 2020/2007_Julio/1:07:2020 al 8:07:2020/Analytics www.radioshack.com.mx Conversiones asistidas 20200701-20200708.csv
2,RadioShack,2007_Julio,FB,2020-07-01,2020-07-08,Asistida,adsocialfb / 2006_rs_mkt_ao_fb,2006_RS_MKT_AO_PROMOSDELMES4_22AL30_FB,,6,35346.0,/home/carlos/Dropbox/ROAS 2020/2007_Julio/1:07:2020 al 8:07:2020/Analytics www.radioshack.com.mx Conversiones asistidas 20200701-20200708.csv
3,RadioShack,2007_Julio,FB,2020-07-01,2020-07-08,Asistida,adsocialfb / 2007_rs_ecom_ao_fb,2007_RS_ECOM_AO_PROMOSDELMES1_1AL7_FB,,4,35996.0,/home/carlos/Dropbox/ROAS 2020/2007_Julio/1:07:2020 al 8:07:2020/Analytics www.radioshack.com.mx Conversiones asistidas 20200701-20200708.csv
4,RadioShack,2007_Julio,FB,2020-07-01,2020-07-08,Asistida,adsocialfb / 2007_rs_ecom_ao_fb,2007_RS_ECOM_AO_PROMOSDELMES1_1AL31_FB,,3,3273.0,/home/carlos/Dropbox/ROAS 2020/2007_Julio/1:07:2020 al 8:07:2020/Analytics www.radioshack.com.mx Conversiones asistidas 20200701-20200708.csv
5,RadioShack,2007_Julio,FB,2020-07-01,2020-07-08,Asistida,adsocialfb / 2006_rs_ecom_ao_fb,2006_RS_ECOM_AO_PROMOSDELMES4_22AL30_FB,,2,3988.0,/home/carlos/Dropbox/ROAS 2020/2007_Julio/1:07:2020 al 8:07:2020/Analytics www.radioshack.com.mx Conversiones asistidas 20200701-20200708.csv
6,RadioShack,2007_Julio,FB,2020-07-01,2020-07-08,Asistida,adsocial_fb / 2006_rs_tp_link_shack_daddy_fb,2006_RS_TP_LINK_SHACK_DADDY_FB,,1,8999.0,/home/carlos/Dropbox/ROAS 2020/2007_Julio/1:07:2020 al 8:07:2020/Analytics www.radioshack.com.mx Conversiones asistidas 20200701-20200708.csv
7,RadioShack,2007_Julio,FB,2020-07-01,2020-07-08,Asistida,adsocialfb / 2006_rs_ecom_ao_fb,2006_RS_ECOM_AO_PROMOSDELMES1__2AL30_FB,,1,1279.0,/home/carlos/Dropbox/ROAS 2020/2007_Julio/1:07:2020 al 8:07:2020/Analytics www.radioshack.com.mx Conversiones asistidas 20200701-20200708.csv
8,RadioShack,2007_Julio,FB,2020-07-01,2020-07-08,Asistida,adsocialfb / 2006_rs_ecom_ao_fb,2006_RS_ECOM_AO_PROMOSDELMES2_BATARRAUTO_8AL30_FB,,1,1399.0,/home/carlos/Dropbox/ROAS 2020/2007_Julio/1:07:2020 al 8:07:2020/Analytics www.radioshack.com.mx Conversiones asistidas 20200701-20200708.csv
9,RadioShack,2007_Julio,FB,2020-07-01,2020-07-08,Asistida,adsocialfb / 2007_rs_mkt_ao_fb,2007_RS_MKT_AO_PROMOSDELMES1_1AL31_FB,,1,1279.0,/home/carlos/Dropbox/ROAS 2020/2007_Julio/1:07:2020 al 8:07:2020/Analytics www.radioshack.com.mx Conversiones asistidas 20200701-20200708.csv
0,The Home Store,2007_Julio,FB,2020-07-01,2020-07-08,Asistida,adsocialfb / 2007_ths_ecom_ao_fb,2007_THS_ECOM_AO_REBAJAS_GENERICO_1AL31_FB,,4,10900.04,/home/carlos/Dropbox/ROAS 2020/2007_Julio/1:07:2020 al 8:07:2020/Analytics www.thehomestore.com.mx Conversiones asistidas 20200701-20200708.csv
1,The Home Store,2007_Julio,FB,2020-07-01,2020-07-08,Asistida,adsocialfb / 2006_ths_ecom_ao_fb,2006_THS_ECOM_AO_PROMOSDELMES__COCINA_2AL30_FB,,1,6137.44,/home/carlos/Dropbox/ROAS 2020/2007_Julio/1:07:2020 al 8:07:2020/Analytics www.thehomestore.com.mx Conversiones asistidas 20200701-20200708.csv
0,Office Depot,2007_Julio,FB,2020-07-01,2020-07-08,Asistida,adsocial_fb / 2006_ecommerce_precios_locos_carousel_2,2006_Ecommerce_Precios_Locos_Carousel_2,,77,155647.45,/home/carlos/Dropbox/ROAS 2020/2007_Julio/1:07:2020 al 8:07:2020/Analytics www.officedepot.com.mx_ Conversiones asistidas 20200701-20200708.csv
1,Office Depot,2007_Julio,FB,2020-07-01,2020-07-08,Asistida,adsocialfb / 2007_od_ecomm_ppto_venta_muebles_fb,2007_OD_ECOMM_PPTO_VENTA_MUEBLES_2_AL_3_JULIO_FB,,71,113698.5,/home/carlos/Dropbox/ROAS 2020/2007_Julio/1:07:2020 al 8:07:2020/Analytics www.officedepot.com.mx_ Conversiones asistidas 20200701-20200708.csv
2,Office Depot,2007_Julio,FB,2020-07-01,2020-07-08,Asistida,adsocialfb / 2006_od_ao_ecomm_junio_fb,2006_OD_AO_ECOMM_DEL_2_AL_8_DE_JUNIO_FB,,60,86749.82,/home/carlos/Dropbox/ROAS 2020/2007_Julio/1:07:2020 al 8:07:2020/Analytics www.officedepot.com.mx_ Conversiones asistidas 20200701-20200708.csv
3,Office Depot,2007_Julio,FB,2020-07-01,2020-07-08,Asistida,adsocial_fb / 2006_ao_mkt_precios_locos_pyme_carousel,2006_AO_MKT_Precios_Locos,,43,54556.54,/home/carlos/Dropbox/ROAS 2020/2007_Julio/1:07:2020 al 8:07:2020/Analytics www.officedepot.com.mx_ Conversiones asistidas 20200701-20200708.csv
4,Office Depot,2007_Julio,FB,2020-07-01,2020-07-08,Asistida,adsocialfb / 2007_od_ao_ecomm_julio_fb,2007_OD_AO_ECOMM_DEL_1_AL_31_DE_JULIO_FB,,42,90759.95,/home/carlos/Dropbox/ROAS 2020/2007_Julio/1:07:2020 al 8:07:2020/Analytics www.officedepot.com.mx_ Conversiones asistidas 20200701-20200708.csv
5,Office Depot,2007_Julio,FB,2020-07-01,2020-07-08,Asistida,adsocial_fb / 2006_ao_ecommerce_precios_locos_carousel_1,2006_AO_Ecommerce_Precios_Locos_Carousel_1,,37,83749.96,/home/carlos/Dropbox/ROAS 2020/2007_Julio/1:07:2020 al 8:07:2020/Analytics www.officedepot.com.mx_ Conversiones asistidas 20200701-20200708.csv
6,Office Depot,2007_Julio,FB,2020-07-01,2020-07-08,Asistida,adsocialfb / 2006_od_ao_mkt_junio_fb,2006_OD_AO_MKT_DEL_2_AL_30_DE_JUNIO_FB,,36,115957.97,/home/carlos/Dropbox/ROAS 2020/2007_Julio/1:07:2020 al 8:07:2020/Analytics www.officedepot.com.mx_ Conversiones asistidas 20200701-20200708.csv
7,Office Depot,2007_Julio,FB,2020-07-01,2020-07-08,Asistida,adsocial_fb / 2006_od_pyme_precios_locos_para_tu_pyme_fb,2006_OD_PYME_PRECIOS_LOCOS_PARA_TU_PYME_FB,,20,25977.4,/home/carlos/Dropbox/ROAS 2020/2007_Julio/1:07:2020 al 8:07:2020/Analytics www.officedepot.com.mx_ Conversiones asistidas 20200701-20200708.csv
8,Office Depot,2007_Julio,FB,2020-07-01,2020-07-08,Asistida,adsocial_fb / 2007_ao_mkt_julio_fb_video,2007_AO_MKT_Julio_FB_Video,,19,29725.11,/home/carlos/Dropbox/ROAS 2020/2007_Julio/1:07:2020 al 8:07:2020/Analytics www.officedepot.com.mx_ Conversiones asistidas 20200701-20200708.csv
9,Office Depot,2007_Julio,FB,2020-07-01,2020-07-08,Asistida,adsocial_fb / 2006_mkt_dpa_7_dia_del_padre,2006_MKT_DPA_7_Dia_del_padre,,13,34341.5,/home/carlos/Dropbox/ROAS 2020/2007_Julio/1:07:2020 al 8:07:2020/Analytics www.officedepot.com.mx_ Conversiones asistidas 20200701-20200708.csv
10,Office Depot,2007_Julio,FB,2020-07-01,2020-07-08,Asistida,adsocialfb / 2006_od_ecomm_venta_especial_fb,2006_OD_ECOMM_VENTA_ESPECIAL_DEL_15_AL_19_DE_JUNIO_FB,,13,17589.0,/home/carlos/Dropbox/ROAS 2020/2007_Julio/1:07:2020 al 8:07:2020/Analytics www.officedepot.com.mx_ Conversiones asistidas 20200701-20200708.csv
11,Office Depot,2007_Julio,FB,2020-07-01,2020-07-08,Asistida,adsocial_fb / 2006_mkt_daba_dia_del_padre,2006_MKT_DABA_Dia_del_padre,,12,14221.28,/home/carlos/Dropbox/ROAS 2020/2007_Julio/1:07:2020 al 8:07:2020/Analytics www.officedepot.com.mx_ Conversiones asistidas 20200701-20200708.csv
12,Office Depot,2007_Julio,SEM,2020-07-01,2020-07-08,Asistida,adsocial_sem / 2006_od_ao_ppf_microsoft_computo_sem,2006_OD_AO_PPF_MICROSOFT_COMPUTO_SEM,,10,36196.7,/home/carlos/Dropbox/ROAS 2020/2007_Julio/1:07:2020 al 8:07:2020/Analytics www.officedepot.com.mx_ Conversiones asistidas 20200701-20200708.csv
13,Office Depot,2007_Julio,FB,2020-07-01,2020-07-08,Asistida,adsocial_fb / 2006_ao_mkt_dia_del_padre_dpa_1,2006_AO_MKT_Dia_del_padre_DPA_7,,9,20392.0,/home/carlos/Dropbox/ROAS 2020/2007_Julio/1:07:2020 al 8:07:2020/Analytics www.officedepot.com.mx_ Conversiones asistidas 20200701-20200708.csv
14,Office Depot,2007_Julio,FB,2020-07-01,2020-07-08,Asistida,adsocial_fb / 2006_mkt_dpa_14_dia_del_padre,2006_MKT_DPA_14_Dia_del_padre,,9,15366.8,/home/carlos/Dropbox/ROAS 2020/2007_Julio/1:07:2020 al 8:07:2020/Analytics www.officedepot.com.mx_ Conversiones asistidas 20200701-20200708.csv
15,Office Depot,2007_Julio,FB,2020-07-01,2020-07-08,Asistida,adsocial_fb / 2006_ao_mkt_dia_del_padre_dpa_1,2006_AO_MKT_Dia_del_padre_DPA_1,,8,19700.6,/home/carlos/Dropbox/ROAS 2020/2007_Julio/1:07:2020 al 8:07:2020/Analytics www.officedepot.com.mx_ Conversiones asistidas 20200701-20200708.csv
16,Office Depot,2007_Julio,FB,2020-07-01,2020-07-08,Asistida,adsocial_fb / 2006_od_ppf_microsoft_computo_fb,2006_OD_PPF_MICROSOFT_COMPUTO_FB,,7,5366.65,/home/carlos/Dropbox/ROAS 2020/2007_Julio/1:07:2020 al 8:07:2020/Analytics www.officedepot.com.mx_ Conversiones asistidas 20200701-20200708.csv
17,Office Depot,2007_Julio,FB,2020-07-01,2020-07-08,Asistida,adsocial_fb / 2006_od_pyme_sorprende_a_papa_fb,2006_OD_PYME_SORPRENDE_A_PAPA_FB,,7,9820.0,/home/carlos/Dropbox/ROAS 2020/2007_Julio/1:07:2020 al 8:07:2020/Analytics www.officedepot.com.mx_ Conversiones asistidas 20200701-20200708.csv
18,Office Depot,2007_Julio,FB,2020-07-01,2020-07-08,Asistida,adsocialfb / 2006_od_ppf_dell_precios_locos_junio_fb,2006_OD_PPF_DELL_PRECIOS_LOCOS__26_AL_30_DE_JUNIO_FB,,7,11500.9,/home/carlos/Dropbox/ROAS 2020/2007_Julio/1:07:2020 al 8:07:2020/Analytics www.officedepot.com.mx_ Conversiones asistidas 20200701-20200708.csv
19,Office Depot,2007_Julio,FB,2020-07-01,2020-07-08,Asistida,adsocial_fb / 2006_ao_mkt_dia_del_padre_dpa_1,2006_AO_MKT_Dia_del_padre_DPA_14,,6,4951.8,/home/carlos/Dropbox/ROAS 2020/2007_Julio/1:07:2020 al 8:07:2020/Analytics www.officedepot.com.mx_ Conversiones asistidas 20200701-20200708.csv
20,Office Depot,2007_Julio,FB,2020-07-01,2020-07-08,Asistida,adsocialfb / 2006_od_ecomm_venta_especial_fb,2006_OD_ECOMM_VENTA_ESPECIAL_DEL_15_AL_17_DE_JUNIO_FB,,6,6476.0,/home/carlos/Dropbox/ROAS 2020/2007_Julio/1:07:2020 al 8:07:2020/Analytics www.officedepot.com.mx_ Conversiones asistidas 20200701-20200708.csv
21,Office Depot,2007_Julio,SEM,2020-07-01,2020-07-08,Asistida,adsocialsem / 2007_od_ppf_ao_dell_julio_sem,2007_OD_PPF_AO_DELL_JULIO_SEM,,6,37399.9,/home/carlos/Dropbox/ROAS 2020/2007_Julio/1:07:2020 al 8:07:2020/Analytics www.officedepot.com.mx_ Conversiones asistidas 20200701-20200708.csv
22,Office Depot,2007_Julio,FB,2020-07-01,2020-07-08,Asistida,adsocial_fb / 2006_ecomm_dpa_14_dia_del_padre,2006_ECOMM_DPA_14_Dia_del_padre,,5,8715.8,/home/carlos/Dropbox/ROAS 2020/2007_Julio/1:07:2020 al 8:07:2020/Analytics www.officedepot.com.mx_ Conversiones asistidas 20200701-20200708.csv
23,Office Depot,2007_Julio,FB,2020-07-01,2020-07-08,Asistida,adsocial_fb / 2006_mkt_dpa_30_dia_del_padre,2006_MKT_DPA_1_Dia_del_padre,,5,10212.9,/home/carlos/Dropbox/ROAS 2020/2007_Julio/1:07:2020 al 8:07:2020/Analytics www.officedepot.com.mx_ Conversiones asistidas 20200701-20200708.csv
24,Office Depot,2007_Julio,SEM,2020-07-01,2020-07-08,Asistida,adsocialsem / 2006_od_ppf_dell_precios_locos_junio_sem,2006_OD_PPF_DELL_PRECIOS_LOCOS__26_AL_30_DE_JUNIO_SEM,,5,11079.9,/home/carlos/Dropbox/ROAS 2020/2007_Julio/1:07:2020 al 8:07:2020/Analytics www.officedepot.com.mx_ Conversiones asistidas 20200701-20200708.csv
25,Office Depot,2007_Julio,FB,2020-07-01,2020-07-08,Asistida,adsocial_fb / 2006_ecomm_dpa_1_dia_del_padre,2006_ECOMM_DPA_1_Dia_del_padre,,4,6119.3,/home/carlos/Dropbox/ROAS 2020/2007_Julio/1:07:2020 al 8:07:2020/Analytics www.officedepot.com.mx_ Conversiones asistidas 20200701-20200708.csv
26,Office Depot,2007_Julio,FB,2020-07-01,2020-07-08,Asistida,adsocial_fb / 2006_od_ppf_microsoft_365_fb,2006_OD_PPF_MICROSOFT_365_FB,,3,1487.2,/home/carlos/Dropbox/ROAS 2020/2007_Julio/1:07:2020 al 8:07:2020/Analytics www.officedepot.com.mx_ Conversiones asistidas 20200701-20200708.csv
27,Office Depot,2007_Julio,SEM,2020-07-01,2020-07-08,Asistida,adsocial_sem / 2006_od_ppf_microsoft_computo_sem,2006_OD_PPF_MICROSOFT_COMPUTO_SEM,,3,884.5,/home/carlos/Dropbox/ROAS 2020/2007_Julio/1:07:2020 al 8:07:2020/Analytics www.officedepot.com.mx_ Conversiones asistidas 20200701-20200708.csv
28,Office Depot,2007_Julio,FB,2020-07-01,2020-07-08,Asistida,adsocialfb / 2006_od_ao_ecomm_junio_fb,2006_OD_AO_ECOMM_DEL_2_AL_30_DE_JUNIO_FB,,3,7997.6,/home/carlos/Dropbox/ROAS 2020/2007_Julio/1:07:2020 al 8:07:2020/Analytics www.officedepot.com.mx_ Conversiones asistidas 20200701-20200708.csv
29,Office Depot,2007_Julio,FB,2020-07-01,2020-07-08,Asistida,adsocialfb / 2006_od_ppf_ao_dell_julio_fb,2006_OD_PPF_AO_DELL_JULIO_FB,,3,2367.2,/home/carlos/Dropbox/ROAS 2020/2007_Julio/1:07:2020 al 8:07:2020/Analytics www.officedepot.com.mx_ Conversiones asistidas 20200701-20200708.csv
30,Office Depot,2007_Julio,FB,2020-07-01,2020-07-08,Asistida,adsocialfb / 2006_od_ppf_brotherimpresion_fb,2006_OD_PPF_BROTHERIMPRESION_PRECIOSLOCOS_26AL30_FB,,3,1492.06,/home/carlos/Dropbox/ROAS 2020/2007_Julio/1:07:2020 al 8:07:2020/Analytics www.officedepot.com.mx_ Conversiones asistidas 20200701-20200708.csv
31,Office Depot,2007_Julio,FB,2020-07-01,2020-07-08,Asistida,adsocial_fb / 2006_mkt_dpa_1_dia_del_padre,2006_MKT_DPA_1_Dia_del_padre,,2,4437.6,/home/carlos/Dropbox/ROAS 2020/2007_Julio/1:07:2020 al 8:07:2020/Analytics www.officedepot.com.mx_ Conversiones asistidas 20200701-20200708.csv
32,Office Depot,2007_Julio,FB,2020-07-01,2020-07-08,Asistida,adsocial_fb / 2006_mkt_dpa_30_dia_del_padre,2006_MKT_DPA_30_Dia_del_padre,,2,2113.06,/home/carlos/Dropbox/ROAS 2020/2007_Julio/1:07:2020 al 8:07:2020/Analytics www.officedepot.com.mx_ Conversiones asistidas 20200701-20200708.csv
33,Office Depot,2007_Julio,FB,2020-07-01,2020-07-08,Asistida,adsocial_fb / 2006_mkt_pv1_fb_ig,2006_MKT_PV1_FB_IG,,2,1898.3,/home/carlos/Dropbox/ROAS 2020/2007_Julio/1:07:2020 al 8:07:2020/Analytics www.officedepot.com.mx_ Conversiones asistidas 20200701-20200708.csv
34,Office Depot,2007_Julio,FB,2020-07-01,2020-07-08,Asistida,adsocial_fb / 2006_od_pyme_pauta_del_mes_fb,2006_OD_PYME_PAUTA_DEL_MES_FB,,2,6501.2,/home/carlos/Dropbox/ROAS 2020/2007_Julio/1:07:2020 al 8:07:2020/Analytics www.officedepot.com.mx_ Conversiones asistidas 20200701-20200708.csv
35,Office Depot,2007_Julio,DSP,2020-07-01,2020-07-08,Asistida,adsocial_herolense / 2006_ecommerce_sorprende_a_papa_dsp,2006_Ecommerce_Sorprende_a_papa_DSP,,2,2427.5,/home/carlos/Dropbox/ROAS 2020/2007_Julio/1:07:2020 al 8:07:2020/Analytics www.officedepot.com.mx_ Conversiones asistidas 20200701-20200708.csv
36,Office Depot,2007_Julio,SEM,2020-07-01,2020-07-08,Asistida,adsocial_sem / 2006_od_mercado_pago_pauta_del_mes_sem,2006_OD_MERCADO_PAGO_PAUTA_DEL_MES_SEM,,2,927.0,/home/carlos/Dropbox/ROAS 2020/2007_Julio/1:07:2020 al 8:07:2020/Analytics www.officedepot.com.mx_ Conversiones asistidas 20200701-20200708.csv
37,Office Depot,2007_Julio,FB,2020-07-01,2020-07-08,Asistida,adsocialfb / 2007_od_mkt_ao_fb,2007_OD_MKT_AO_BROTHERSCANNCUT_1AL31_FB,,2,8769.0,/home/carlos/Dropbox/ROAS 2020/2007_Julio/1:07:2020 al 8:07:2020/Analytics www.officedepot.com.mx_ Conversiones asistidas 20200701-20200708.csv
38,Office Depot,2007_Julio,SEM,2020-07-01,2020-07-08,Asistida,adsocialgoogle / 2007_od_ppf_brotherimpresion_sem,2007_OD_PPF_BROTHERIMPRESION_LASER_1AL31_SEM,,2,4130.3,/home/carlos/Dropbox/ROAS 2020/2007_Julio/1:07:2020 al 8:07:2020/Analytics www.officedepot.com.mx_ Conversiones asistidas 20200701-20200708.csv
39,Office Depot,2007_Julio,DSP,2020-07-01,2020-07-08,Asistida,adsocial_dsp / 2006_od_ao_ppf_microsoft_computo_dsp,2006_OD_AO_PPF_MICROSOFT_COMPUTO_DSP,,1,2309.3,/home/carlos/Dropbox/ROAS 2020/2007_Julio/1:07:2020 al 8:07:2020/Analytics www.officedepot.com.mx_ Conversiones asistidas 20200701-20200708.csv
40,Office Depot,2007_Julio,DSP,2020-07-01,2020-07-08,Asistida,adsocial_dsp / 2006_od_ppf_microsoft_computo_dsp,2006_OD_PPF_MICROSOFT_COMPUTO_DSP,,1,102.6,/home/carlos/Dropbox/ROAS 2020/2007_Julio/1:07:2020 al 8:07:2020/Analytics www.officedepot.com.mx_ Conversiones asistidas 20200701-20200708.csv
41,Office Depot,2007_Julio,FB,2020-07-01,2020-07-08,Asistida,adsocial_fb / (not set),(not set),,1,600.0,/home/carlos/Dropbox/ROAS 2020/2007_Julio/1:07:2020 al 8:07:2020/Analytics www.officedepot.com.mx_ Conversiones asistidas 20200701-20200708.csv
42,Office Depot,2007_Julio,FB,2020-07-01,2020-07-08,Asistida,adsocial_fb / 2002_od_ppf_3m_fb,2002_OD_PPF_3M_FB,,1,139.0,/home/carlos/Dropbox/ROAS 2020/2007_Julio/1:07:2020 al 8:07:2020/Analytics www.officedepot.com.mx_ Conversiones asistidas 20200701-20200708.csv
43,Office Depot,2007_Julio,FB,2020-07-01,2020-07-08,Asistida,adsocial_fb / 2006_ao_ecommerce_warming_precios_locos,2006_AO_Ecommerce_Warming_Precios_Locos,,1,879.8,/home/carlos/Dropbox/ROAS 2020/2007_Julio/1:07:2020 al 8:07:2020/Analytics www.officedepot.com.mx_ Conversiones asistidas 20200701-20200708.csv
44,Office Depot,2007_Julio,FB,2020-07-01,2020-07-08,Asistida,adsocial_fb / 2006_ao_mkt_dia_del_padre_dpa_7,2006_AO_MKT_Dia_del_padre_DPA_14,,1,2519.2,/home/carlos/Dropbox/ROAS 2020/2007_Julio/1:07:2020 al 8:07:2020/Analytics www.officedepot.com.mx_ Conversiones asistidas 20200701-20200708.csv
45,Office Depot,2007_Julio,FB,2020-07-01,2020-07-08,Asistida,adsocial_fb / 2006_ao_mkt_dia_del_padre_dpa_7,2006_AO_MKT_Dia_del_padre_DPA_7,,1,2099.4,/home/carlos/Dropbox/ROAS 2020/2007_Julio/1:07:2020 al 8:07:2020/Analytics www.officedepot.com.mx_ Conversiones asistidas 20200701-20200708.csv
46,Office Depot,2007_Julio,FB,2020-07-01,2020-07-08,Asistida,adsocial_fb / 2006_mkt_dia_del_padre_fb_ig,2006_MKT_Dia_del_padre_V_3,,1,1099.0,/home/carlos/Dropbox/ROAS 2020/2007_Julio/1:07:2020 al 8:07:2020/Analytics www.officedepot.com.mx_ Conversiones asistidas 20200701-20200708.csv
47,Office Depot,2007_Julio,FB,2020-07-01,2020-07-08,Asistida,adsocial_fb / 2006_od_3m_sorprende_a_papa_fb,2006_OD_3M_SORPRENDE_A_PAPA_FB,,1,2719.2,/home/carlos/Dropbox/ROAS 2020/2007_Julio/1:07:2020 al 8:07:2020/Analytics www.officedepot.com.mx_ Conversiones asistidas 20200701-20200708.csv
48,Office Depot,2007_Julio,FB,2020-07-01,2020-07-08,Asistida,adsocial_fb / 2006_od_ao_ppf_microsoft_computo_fb,2006_OD_AO_PPF_MICROSOFT_COMPUTO_FB,,1,67.0,/home/carlos/Dropbox/ROAS 2020/2007_Julio/1:07:2020 al 8:07:2020/Analytics www.officedepot.com.mx_ Conversiones asistidas 20200701-20200708.csv
49,Office Depot,2007_Julio,FB,2020-07-01,2020-07-08,Asistida,adsocial_fb / 2006_od_ppf_3m_precios_locos_fb,2006_OD_PPF_3M_PRECIOS_LOCOS_FB,,1,135.0,/home/carlos/Dropbox/ROAS 2020/2007_Julio/1:07:2020 al 8:07:2020/Analytics www.officedepot.com.mx_ Conversiones asistidas 20200701-20200708.csv
50,Office Depot,2007_Julio,FB,2020-07-01,2020-07-08,Asistida,adsocial_fb / 2006_od_ppf_payclip_precios_locos_fb,2006_OD_PPF_PAYCLIP_PRECIOS_LOCOS_FB,,1,449.0,/home/carlos/Dropbox/ROAS 2020/2007_Julio/1:07:2020 al 8:07:2020/Analytics www.officedepot.com.mx_ Conversiones asistidas 20200701-20200708.csv
51,Office Depot,2007_Julio,FB,2020-07-01,2020-07-08,Asistida,adsocial_fb / 2007_ao_ecommerce_warming_fb,2007_AO_Ecommerce_Warming_FB,,1,959.2,/home/carlos/Dropbox/ROAS 2020/2007_Julio/1:07:2020 al 8:07:2020/Analytics www.officedepot.com.mx_ Conversiones asistidas 20200701-20200708.csv
52,Office Depot,2007_Julio,FB,2020-07-01,2020-07-08,Asistida,adsocial_fb_ig / 2006_mkt_precios_locos_previsual_pyme_pp1,2006_MKT_Precios_Locos,,1,959.2,/home/carlos/Dropbox/ROAS 2020/2007_Julio/1:07:2020 al 8:07:2020/Analytics www.officedepot.com.mx_ Conversiones asistidas 20200701-20200708.csv
53,Office Depot,2007_Julio,FB,2020-07-01,2020-07-08,Asistida,adsocial_fb_ig / 2006_mkt_precios_locos_pyme_20s_pp1,2006_MKT_Precios_Locos,,1,959.2,/home/carlos/Dropbox/ROAS 2020/2007_Julio/1:07:2020 al 8:07:2020/Analytics www.officedepot.com.mx_ Conversiones asistidas 20200701-20200708.csv
54,Office Depot,2007_Julio,DSP,2020-07-01,2020-07-08,Asistida,adsocial_herolense / 2006_ecommerce_precios_locos_dsp,2006_Ecommerce_Precios_Locos_DSP,,1,36.4,/home/carlos/Dropbox/ROAS 2020/2007_Julio/1:07:2020 al 8:07:2020/Analytics www.officedepot.com.mx_ Conversiones asistidas 20200701-20200708.csv
55,Office Depot,2007_Julio,DSP,2020-07-01,2020-07-08,Asistida,adsocial_herolense / 2006_mkt_sorprende_a_papa_dsp,2006_MKT_Sorprende_a_papa_DSP,,1,1249.0,/home/carlos/Dropbox/ROAS 2020/2007_Julio/1:07:2020 al 8:07:2020/Analytics www.officedepot.com.mx_ Conversiones asistidas 20200701-20200708.csv
56,Office Depot,2007_Julio,DSP,2020-07-01,2020-07-08,Asistida,adsocial_herolense / 2007_ecommerce_venta_muebles_internet_dsp,2007_Ecommerce_Venta_Muebles_Internet,,1,2479.2,/home/carlos/Dropbox/ROAS 2020/2007_Julio/1:07:2020 al 8:07:2020/Analytics www.officedepot.com.mx_ Conversiones asistidas 20200701-20200708.csv
57,Office Depot,2007_Julio,FB,2020-07-01,2020-07-08,Asistida,adsocial_ig_stories / 2006_mkt_precios_locos_pyme_previsual_pp1,2006_MKT_Precios_Locos,,1,959.2,/home/carlos/Dropbox/ROAS 2020/2007_Julio/1:07:2020 al 8:07:2020/Analytics www.officedepot.com.mx_ Conversiones asistidas 20200701-20200708.csv
58,Office Depot,2007_Julio,SEM,2020-07-01,2020-07-08,Asistida,adsocial_sem / 2006_od_payclip_pauta_del_mes_sem,2006_OD_PAYCLIP_PAUTA_DEL_MES_SEM,,1,1586.0,/home/carlos/Dropbox/ROAS 2020/2007_Julio/1:07:2020 al 8:07:2020/Analytics www.officedepot.com.mx_ Conversiones asistidas 20200701-20200708.csv
59,Office Depot,2007_Julio,SEM,2020-07-01,2020-07-08,Asistida,adsocial_sem / 2006_od_payclip_sorprende_a_papa_sem,2006_OD_PAYCLIP_SORPRENDE_A_PAPA_SEM,,1,2988.0,/home/carlos/Dropbox/ROAS 2020/2007_Julio/1:07:2020 al 8:07:2020/Analytics www.officedepot.com.mx_ Conversiones asistidas 20200701-20200708.csv
60,Office Depot,2007_Julio,SEM,2020-07-01,2020-07-08,Asistida,adsocial_sem / 2007_od_ppf_newell_bts_sem,2007_OD_PPF_NEWELL_BTS_SEM,,1,38.4,/home/carlos/Dropbox/ROAS 2020/2007_Julio/1:07:2020 al 8:07:2020/Analytics www.officedepot.com.mx_ Conversiones asistidas 20200701-20200708.csv
61,Office Depot,2007_Julio,DSP,2020-07-01,2020-07-08,Asistida,adsocialdsp / 2007_od_ppf_brotherrotuladores_dsp,2007_OD_PPF_BROTHERROTULADORES_1AL31_DSP,,1,959.2,/home/carlos/Dropbox/ROAS 2020/2007_Julio/1:07:2020 al 8:07:2020/Analytics www.officedepot.com.mx_ Conversiones asistidas 20200701-20200708.csv
62,Office Depot,2007_Julio,FB,2020-07-01,2020-07-08,Asistida,adsocialfb / 2006_od_mkt_ao_brotherimpresion_fb,2006_OD_MKT_AO_BROTHERIMPRESION_2AL30_FB,,1,599.5,/home/carlos/Dropbox/ROAS 2020/2007_Julio/1:07:2020 al 8:07:2020/Analytics www.officedepot.com.mx_ Conversiones asistidas 20200701-20200708.csv
63,Office Depot,2007_Julio,FB,2020-07-01,2020-07-08,Asistida,adsocialfb / 2006_od_ppf_brotherrotuladores_fb,2006_OD_PPF_BROTHERROTULADORES_PRECIOSLOCOS_26AL30_FB,,1,240.0,/home/carlos/Dropbox/ROAS 2020/2007_Julio/1:07:2020 al 8:07:2020/Analytics www.officedepot.com.mx_ Conversiones asistidas 20200701-20200708.csv
64,Office Depot,2007_Julio,FB,2020-07-01,2020-07-08,Asistida,adsocialfb / 2006_od_ppf_brotherrotuladores_fb,2006_OD_PPF_BROTHERROTULADORES_VENTAPAPA_15AL17_FB,,1,240.0,/home/carlos/Dropbox/ROAS 2020/2007_Julio/1:07:2020 al 8:07:2020/Analytics www.officedepot.com.mx_ Conversiones asistidas 20200701-20200708.csv
65,RadioShack,2007_Julio,FB,2020-07-01,2020-07-08,Asistida,adsocialfb / 2006_od_ppf_kaspersky_venta_especial_fb,2006_OD_PPF_KASPERSKY_VENTA_ESPECIAL_DEL_15_AL_19_DE_JUNIO_FB,,1,185.0,/home/carlos/Dropbox/ROAS 2020/2007_Julio/1:07:2020 al 8:07:2020/Analytics www.officedepot.com.mx_ Conversiones asistidas 20200701-20200708.csv
66,Office Depot,2007_Julio,FB,2020-07-01,2020-07-08,Asistida,adsocialfb / 2007_od_ppf_brotherimpresion_fb,2007_OD_PPF_BROTHERIMPRESION_LASER_1AL31_FB,,1,6612.0,/home/carlos/Dropbox/ROAS 2020/2007_Julio/1:07:2020 al 8:07:2020/Analytics www.officedepot.com.mx_ Conversiones asistidas 20200701-20200708.csv
67,RadioShack,2007_Julio,FB,2020-07-01,2020-07-08,Asistida,adsocialfb / 2007_od_ppf_brotherscanncut_fb,2007_OD_PPF_BROTHERSCANNCUT_1AL31_FB,,1,295.3,/home/carlos/Dropbox/ROAS 2020/2007_Julio/1:07:2020 al 8:07:2020/Analytics www.officedepot.com.mx_ Conversiones asistidas 20200701-20200708.csv
68,Office Depot,2007_Julio,SEM,2020-07-01,2020-07-08,Asistida,adsocialsem / 2006_od_ppf_ao_dell_julio_sem,2006_OD_PPF_AO_DELL_JULIO_SEM,,1,2879.2,/home/carlos/Dropbox/ROAS 2020/2007_Julio/1:07:2020 al 8:07:2020/Analytics www.officedepot.com.mx_ Conversiones asistidas 20200701-20200708.csv
0,RadioShack,2007_Julio,FB,2020-07-01,2020-07-08,Directa,adsocialfb / 2007_rs_mkt_ao_fb,2007_RS_MKT_AO_PROMOSDELMES1_1AL7_FB,,10,49410.0,/home/carlos/Dropbox/ROAS 2020/2007_Julio/1:07:2020 al 8:07:2020/Analytics www.radioshack.com.mx Todo el tráfico 20200701-20200708.xlsx
1,RadioShack,2007_Julio,FB,2020-07-01,2020-07-08,Directa,adsocialfb / 2007_rs_ecom_ao_fb,2007_RS_ECOM_AO_PROMOSDELMES1_1AL7_FB,,4,30784.0,/home/carlos/Dropbox/ROAS 2020/2007_Julio/1:07:2020 al 8:07:2020/Analytics www.radioshack.com.mx Todo el tráfico 20200701-20200708.xlsx
2,RadioShack,2007_Julio,FB,2020-07-01,2020-07-08,Directa,adsocialfb / 2006_rs_mkt_ao_fb,2006_RS_MKT_AO_PROMOSDELMES4_22AL30_FB,,3,23579.0,/home/carlos/Dropbox/ROAS 2020/2007_Julio/1:07:2020 al 8:07:2020/Analytics www.radioshack.com.mx Todo el tráfico 20200701-20200708.xlsx
3,RadioShack,2007_Julio,FB,2020-07-01,2020-07-08,Directa,adsocialfb / 2007_rs_ecom_ao_fb,2007_RS_ECOM_AO_PROMOSDELMES1_1AL31_FB,,3,2743.0,/home/carlos/Dropbox/ROAS 2020/2007_Julio/1:07:2020 al 8:07:2020/Analytics www.radioshack.com.mx Todo el tráfico 20200701-20200708.xlsx
4,RadioShack,2007_Julio,SEM,2020-07-01,2020-07-08,Directa,adsocial_sem / 2006_rs_izettle_pauta_del_mes_sem,2006_RS_IZETTLE_PAUTA_DEL_MES_SEM,,2,1998.0,/home/carlos/Dropbox/ROAS 2020/2007_Julio/1:07:2020 al 8:07:2020/Analytics www.radioshack.com.mx Todo el tráfico 20200701-20200708.xlsx
5,RadioShack,2007_Julio,FB,2020-07-01,2020-07-08,Directa,adsocialfb / 2007_rs_mkt_ao_fb,2007_RS_MKT_AO_LANZAMIENTOS_SWROUND_1AL31_FB,,1,2689.0,/home/carlos/Dropbox/ROAS 2020/2007_Julio/1:07:2020 al 8:07:2020/Analytics www.radioshack.com.mx Todo el tráfico 20200701-20200708.xlsx
0,Office Depot,2007_Julio,FB,2020-07-01,2020-07-08,Directa,adsocialfb / 2007_od_ecomm_ppto_venta_muebles_fb,2007_OD_ECOMM_PPTO_VENTA_MUEBLES_2_AL_3_JULIO_FB,,137,223991.741262,/home/carlos/Dropbox/ROAS 2020/2007_Julio/1:07:2020 al 8:07:2020/Analytics www.officedepot.com.mx_ Todo el tráfico 20200701-20200708.xlsx
1,Office Depot,2007_Julio,FB,2020-07-01,2020-07-08,Directa,adsocialfb / 2007_od_ao_ecomm_julio_fb,2007_OD_AO_ECOMM_DEL_1_AL_31_DE_JULIO_FB,,66,116259.266846,/home/carlos/Dropbox/ROAS 2020/2007_Julio/1:07:2020 al 8:07:2020/Analytics www.officedepot.com.mx_ Todo el tráfico 20200701-20200708.xlsx
2,Office Depot,2007_Julio,FB,2020-07-01,2020-07-08,Directa,adsocial_fb / 2007_ao_mkt_julio_fb_video,2007_AO_MKT_Julio_FB_Video,,27,80350.35762,/home/carlos/Dropbox/ROAS 2020/2007_Julio/1:07:2020 al 8:07:2020/Analytics www.officedepot.com.mx_ Todo el tráfico 20200701-20200708.xlsx
3,Office Depot,2007_Julio,FB,2020-07-01,2020-07-08,Directa,adsocialfb / 2006_od_ao_ecomm_junio_fb,2006_OD_AO_ECOMM_DEL_2_AL_8_DE_JUNIO_FB,,16,52528.478462,/home/carlos/Dropbox/ROAS 2020/2007_Julio/1:07:2020 al 8:07:2020/Analytics www.officedepot.com.mx_ Todo el tráfico 20200701-20200708.xlsx
4,Office Depot,2007_Julio,FB,2020-07-01,2020-07-08,Directa,adsocial_fb / 2006_ao_mkt_precios_locos_pyme_carousel,2006_AO_MKT_Precios_Locos,,14,13562.523002,/home/carlos/Dropbox/ROAS 2020/2007_Julio/1:07:2020 al 8:07:2020/Analytics www.officedepot.com.mx_ Todo el tráfico 20200701-20200708.xlsx
5,Office Depot,2007_Julio,FB,2020-07-01,2020-07-08,Directa,adsocial_fb / 2006_ecommerce_precios_locos_carousel_2,2006_Ecommerce_Precios_Locos_Carousel_2,,14,22585.833683,/home/carlos/Dropbox/ROAS 2020/2007_Julio/1:07:2020 al 8:07:2020/Analytics www.officedepot.com.mx_ Todo el tráfico 20200701-20200708.xlsx
6,Office Depot,2007_Julio,FB,2020-07-01,2020-07-08,Directa,adsocial_fb / 2004_ao_ecommerce_fb,2004_AO_Ecommerce_FB,,5,14224.547337,/home/carlos/Dropbox/ROAS 2020/2007_Julio/1:07:2020 al 8:07:2020/Analytics www.officedepot.com.mx_ Todo el tráfico 20200701-20200708.xlsx
7,Office Depot,2007_Julio,FB,2020-07-01,2020-07-08,Directa,adsocial_fb / 2006_ao_ecommerce_precios_locos_carousel_1,2006_AO_Ecommerce_Precios_Locos_Carousel_1,,5,10269.860469,/home/carlos/Dropbox/ROAS 2020/2007_Julio/1:07:2020 al 8:07:2020/Analytics www.officedepot.com.mx_ Todo el tráfico 20200701-20200708.xlsx
8,Office Depot,2007_Julio,FB,2020-07-01,2020-07-08,Directa,adsocial_fb / 2002_od_ppf_3m_fb,2002_OD_PPF_3M_FB,,3,380.379392,/home/carlos/Dropbox/ROAS 2020/2007_Julio/1:07:2020 al 8:07:2020/Analytics www.officedepot.com.mx_ Todo el tráfico 20200701-20200708.xlsx
9,Office Depot,2007_Julio,FB,2020-07-01,2020-07-08,Directa,adsocial_fb / 2005_mkt_hot_sale_office_depot,2005_MKT_HOT_SALE,,3,5689.818935,/home/carlos/Dropbox/ROAS 2020/2007_Julio/1:07:2020 al 8:07:2020/Analytics www.officedepot.com.mx_ Todo el tráfico 20200701-20200708.xlsx
10,Office Depot,2007_Julio,FB,2020-07-01,2020-07-08,Directa,adsocial_fb / 2006_ecomm_dpa_1_dia_del_padre,2006_ECOMM_DPA_1_Dia_del_padre,,3,558.254647,/home/carlos/Dropbox/ROAS 2020/2007_Julio/1:07:2020 al 8:07:2020/Analytics www.officedepot.com.mx_ Todo el tráfico 20200701-20200708.xlsx
11,Office Depot,2007_Julio,FB,2020-07-01,2020-07-08,Directa,adsocial_fb / 2006_od_pyme_precios_locos_para_tu_pyme_fb,2006_OD_PYME_PRECIOS_LOCOS_PARA_TU_PYME_FB,,3,6565.512499,/home/carlos/Dropbox/ROAS 2020/2007_Julio/1:07:2020 al 8:07:2020/Analytics www.officedepot.com.mx_ Todo el tráfico 20200701-20200708.xlsx
12,Office Depot,2007_Julio,FB,2020-07-01,2020-07-08,Directa,adsocial_fb_ig / 2006_mkt_precios_locos_previsual_pyme_pp1,2006_MKT_Precios_Locos,,3,2624.891459,/home/carlos/Dropbox/ROAS 2020/2007_Julio/1:07:2020 al 8:07:2020/Analytics www.officedepot.com.mx_ Todo el tráfico 20200701-20200708.xlsx
13,Office Depot,2007_Julio,SEM,2020-07-01,2020-07-08,Directa,adsocial_sem / 2007_od_ppf_newell_bts_sem,2007_OD_PPF_NEWELL_BTS_SEM,,3,105.083228,/home/carlos/Dropbox/ROAS 2020/2007_Julio/1:07:2020 al 8:07:2020/Analytics www.officedepot.com.mx_ Todo el tráfico 20200701-20200708.xlsx
14,Office Depot,2007_Julio,FB,2020-07-01,2020-07-08,Directa,adsocialfb / 2005_od_ao_ecomm_trabajo_en_casa_mayo_fb,2005_OD_AO_ECOMM_TRABAJO_EN_CASA_4_AL_31_MAYO_FB,,3,6346.0418,/home/carlos/Dropbox/ROAS 2020/2007_Julio/1:07:2020 al 8:07:2020/Analytics www.officedepot.com.mx_ Todo el tráfico 20200701-20200708.xlsx
15,Office Depot,2007_Julio,FB,2020-07-01,2020-07-08,Directa,adsocialfb / 2006_od_ppf_dell_precios_locos_junio_fb,2006_OD_PPF_DELL_PRECIOS_LOCOS__26_AL_30_DE_JUNIO_FB,,3,183.34834,/home/carlos/Dropbox/ROAS 2020/2007_Julio/1:07:2020 al 8:07:2020/Analytics www.officedepot.com.mx_ Todo el tráfico 20200701-20200708.xlsx
16,Office Depot,2007_Julio,SEM,2020-07-01,2020-07-08,Directa,adsocialsem / 2007_od_ppf_ao_dell_julio_sem,2007_OD_PPF_AO_DELL_JULIO_SEM,,3,1302.046869,/home/carlos/Dropbox/ROAS 2020/2007_Julio/1:07:2020 al 8:07:2020/Analytics www.officedepot.com.mx_ Todo el tráfico 20200701-20200708.xlsx
0,Petco,2007_Julio,SEM,2020-07-01,2020-07-08,Directa,adsocialsem / 2007_petco_hills_ao_julio_sem,2007_Petco_Hills_AO_Julio_Gato_SEM,,31,33311.3,/home/carlos/Dropbox/ROAS 2020/2007_Julio/1:07:2020 al 8:07:2020/Analytics All Web Site Data Todo el tráfico 20200701-20200708.xlsx
1,Petco,2007_Julio,FB,2020-07-01,2020-07-08,Directa,adsocialfb / 2007_petco_ecomm_ao_julio_fb,2007_Petco_Ecomm_AO_Julio_Fin_3al5_FB,,11,10381.15,/home/carlos/Dropbox/ROAS 2020/2007_Julio/1:07:2020 al 8:07:2020/Analytics All Web Site Data Todo el tráfico 20200701-20200708.xlsx
2,Petco,2007_Julio,FB,2020-07-01,2020-07-08,Directa,adsocialfb / 2007_petco_ecomm_outlet_julio_fb,2007_Petco_Ecomm_Outlet_Julio_FB,,11,5739.6,/home/carlos/Dropbox/ROAS 2020/2007_Julio/1:07:2020 al 8:07:2020/Analytics All Web Site Data Todo el tráfico 20200701-20200708.xlsx
3,Petco,2007_Julio,SEM,2020-07-01,2020-07-08,Directa,adsocialsem / 2005_petco_hills_ao_sem,2005_Petco_HILLS_AO_pre-HotSale_SEM,,9,9314.05,/home/carlos/Dropbox/ROAS 2020/2007_Julio/1:07:2020 al 8:07:2020/Analytics All Web Site Data Todo el tráfico 20200701-20200708.xlsx
4,Petco,2007_Julio,SEM,2020-07-01,2020-07-08,Directa,adsocialsem / 2007_petco_hills_ao_julio_sem,2007_Petco_Hills_AO_Julio_Perro_SEM,,8,7334.4,/home/carlos/Dropbox/ROAS 2020/2007_Julio/1:07:2020 al 8:07:2020/Analytics All Web Site Data Todo el tráfico 20200701-20200708.xlsx
5,Petco,2007_Julio,FB,2020-07-01,2020-07-08,Directa,adsocialfb / 2006_petco_ecomm_ao_junio_fb,2006_Petco_Ecomm_AO_Junio_Inicio_FB,,6,10795.9,/home/carlos/Dropbox/ROAS 2020/2007_Julio/1:07:2020 al 8:07:2020/Analytics All Web Site Data Todo el tráfico 20200701-20200708.xlsx
6,Petco,2007_Julio,SEM,2020-07-01,2020-07-08,Directa,adsocialsem / 2004_petco_proplan_abril_sem,2004_PETCO_PROPLAN_ABRIL_Perro_SEM,,6,5191.2,/home/carlos/Dropbox/ROAS 2020/2007_Julio/1:07:2020 al 8:07:2020/Analytics All Web Site Data Todo el tráfico 20200701-20200708.xlsx
7,Petco,2007_Julio,SEM,2020-07-01,2020-07-08,Directa,adsocialsem / 2006_petco_hills_ao_sem,2006_Petco_Hills_AO_Etapa_Vida_Gato_SEM,,5,5084.3,/home/carlos/Dropbox/ROAS 2020/2007_Julio/1:07:2020 al 8:07:2020/Analytics All Web Site Data Todo el tráfico 20200701-20200708.xlsx
8,Petco,2007_Julio,FB,2020-07-01,2020-07-08,Directa,adsocialfb / 2007_petco_ecomm_ao_julio_fb,2007_Petco_Ecomm_AO_Julio_Inicio_6al9_FB,,3,2566.4,/home/carlos/Dropbox/ROAS 2020/2007_Julio/1:07:2020 al 8:07:2020/Analytics All Web Site Data Todo el tráfico 20200701-20200708.xlsx
9,Petco,2007_Julio,FB,2020-07-01,2020-07-08,Directa,adsocialfb / 2006_petco_ecomm_outlet_junio_fb,2006_Petco_Ecomm_Outlet_Junio_FB,,2,1017.15,/home/carlos/Dropbox/ROAS 2020/2007_Julio/1:07:2020 al 8:07:2020/Analytics All Web Site Data Todo el tráfico 20200701-20200708.xlsx
10,Petco,2007_Julio,SEM,2020-07-01,2020-07-08,Directa,adsocialsem / 2003_petco_hills_marzo_sem,2003_PETCO_HILLS_MARZO_AO_Envio-Gratis_SEM,,2,2262.0,/home/carlos/Dropbox/ROAS 2020/2007_Julio/1:07:2020 al 8:07:2020/Analytics All Web Site Data Todo el tráfico 20200701-20200708.xlsx
11,Petco,2007_Julio,SEM,2020-07-01,2020-07-08,Directa,adsocialsem / 2005_petco_hills_mayo_ao_sem,2005_Petco_Hills_Mayo_AO_Etapa_vida-Gato_SEM,,2,1675.0,/home/carlos/Dropbox/ROAS 2020/2007_Julio/1:07:2020 al 8:07:2020/Analytics All Web Site Data Todo el tráfico 20200701-20200708.xlsx
12,Petco,2007_Julio,FB,2020-07-01,2020-07-08,Directa,adsocial / 2005_petco_ecomm_hotsale_fb,2005_Petco_Ecomm_HotSale_citibanamex_FB,,1,667.5,/home/carlos/Dropbox/ROAS 2020/2007_Julio/1:07:2020 al 8:07:2020/Analytics All Web Site Data Todo el tráfico 20200701-20200708.xlsx
13,Petco,2007_Julio,FB,2020-07-01,2020-07-08,Directa,adsocialfb / 2003_petco_hills_marzo_fb,2003_PETCO_HILLS_MARZO_AO_GATO_FB,,1,304.0,/home/carlos/Dropbox/ROAS 2020/2007_Julio/1:07:2020 al 8:07:2020/Analytics All Web Site Data Todo el tráfico 20200701-20200708.xlsx
14,Petco,2007_Julio,FB,2020-07-01,2020-07-08,Directa,adsocialfb / 2005_petco_ecomm_hotsale_fb,2005_Petco_Ecomm_HotSale_22-24_FB,,1,545.5,/home/carlos/Dropbox/ROAS 2020/2007_Julio/1:07:2020 al 8:07:2020/Analytics All Web Site Data Todo el tráfico 20200701-20200708.xlsx
15,Petco,2007_Julio,FB,2020-07-01,2020-07-08,Directa,adsocialfb / 2005_petco_ecomm_hotsale_fb,2005_Petco_Ecomm_HotSale_22mayo-1junio_FB,,1,1678.0,/home/carlos/Dropbox/ROAS 2020/2007_Julio/1:07:2020 al 8:07:2020/Analytics All Web Site Data Todo el tráfico 20200701-20200708.xlsx
16,Petco,2007_Julio,FB,2020-07-01,2020-07-08,Directa,adsocialfb / 2005_petco_ecomm_hotsale_fb,2005_Petco_Ecomm_HotSale_25-29_FB,,1,449.0,/home/carlos/Dropbox/ROAS 2020/2007_Julio/1:07:2020 al 8:07:2020/Analytics All Web Site Data Todo el tráfico 20200701-20200708.xlsx
17,Petco,2007_Julio,FB,2020-07-01,2020-07-08,Directa,adsocialfb / 2006_petco_ecomm_ao_junio_fb,2006_Petco_Ecomm_AO_Junio_12al14_FB,,1,300.0,/home/carlos/Dropbox/ROAS 2020/2007_Julio/1:07:2020 al 8:07:2020/Analytics All Web Site Data Todo el tráfico 20200701-20200708.xlsx
18,Petco,2007_Julio,FB,2020-07-01,2020-07-08,Directa,adsocialfb / 2006_petco_ecomm_ao_junio_fb,2006_Petco_Ecomm_AO_Junio_Fin_19-21_FB,,1,133.0,/home/carlos/Dropbox/ROAS 2020/2007_Julio/1:07:2020 al 8:07:2020/Analytics All Web Site Data Todo el tráfico 20200701-20200708.xlsx
19,Petco,2007_Julio,FB,2020-07-01,2020-07-08,Directa,adsocialfb / 2007_petco_ecomm_ao_julio_fb,2007_Petco_Ecomm_AO_Julio_Inicio_7_FB,,1,958.0,/home/carlos/Dropbox/ROAS 2020/2007_Julio/1:07:2020 al 8:07:2020/Analytics All Web Site Data Todo el tráfico 20200701-20200708.xlsx
20,Petco,2007_Julio,SEM,2020-07-01,2020-07-08,Directa,adsocialsem / 2005_petco_fulltrust_hotsale_sem,2005_Petco_FullTrust_HotSale_SEM,,1,498.37,/home/carlos/Dropbox/ROAS 2020/2007_Julio/1:07:2020 al 8:07:2020/Analytics All Web Site Data Todo el tráfico 20200701-20200708.xlsx
21,Petco,2007_Julio,SEM,2020-07-01,2020-07-08,Directa,adsocialsem / 2005_petco_fulltrust_mayo_plato_sem,2005_Petco_FullTrust_Mayo_Promo-Plato_SEM,,1,120.0,/home/carlos/Dropbox/ROAS 2020/2007_Julio/1:07:2020 al 8:07:2020/Analytics All Web Site Data Todo el tráfico 20200701-20200708.xlsx
22,Petco,2007_Julio,SEM,2020-07-01,2020-07-08,Directa,adsocialsem / 2006_petco_hills_ao_sem,2006_Petco_Hills_AO_Etapa_Vida_Perro_SEM,,1,1188.0,/home/carlos/Dropbox/ROAS 2020/2007_Julio/1:07:2020 al 8:07:2020/Analytics All Web Site Data Todo el tráfico 20200701-20200708.xlsx
0,The Home Store,2007_Julio,FB,2020-07-01,2020-07-08,Directa,adsocialfb / 2007_ths_ecom_ao_fb,2007_THS_ECOM_AO_REBAJAS_DECO_1AL31_FB,,1,518.0,/home/carlos/Dropbox/ROAS 2020/2007_Julio/1:07:2020 al 8:07:2020/Analytics www.thehomestore.com.mx Todo el tráfico 20200701-20200708.xlsx
1,The Home Store,2007_Julio,FB,2020-07-01,2020-07-08,Directa,adsocialfb / 2007_ths_ecom_ao_fb,2007_THS_ECOM_AO_REBAJAS_GENERICO_1AL31_FB,,1,6137.44,/home/carlos/Dropbox/ROAS 2020/2007_Julio/1:07:2020 al 8:07:2020/Analytics www.thehomestore.com.mx Todo el tráfico 20200701-20200708.xlsx
